{
"lengthUnit": "mil",
"components": {
	"fields": ["COMPONENT_NO", "COMPONENT_NAME", "LAYER", "X_COORDINATE", "Y_COORDINATE", "ANGLE"],
	"rows": [
		[1, "B1", "T", 1275, -7365, 0],
		[2, "BAT1", "T", 3205, -8400, 180],
		[3, "BAT2", "T", 3620, -8395, 180],
		[4, "BAT3", "T", 4050, -8395, 180],
		[5, "LED1", "T", 2155, -8515, 180],
		[6, "LED2", "T", 2450, -8525, 0],
		[7, "LED3", "T", 1895, -8505, 180],
		[8, "M1", "T", 3300, -6870, 0],
		[9, "PMS1", "T", 1975, -7049.55, 90],
		[10, "U1", "T", 2350, -5270, 0],
		[11, "U2", "T", 240, -8095, 270],
		[12, "U3", "T", 1150, -8435, 0],
		[13, "U4", "T", 245, -6970, 270],
		[14, "U6", "T", 4345, -8095, 90],
		[15, "U7", "T", 2730, -7205, 90],
		[16, "U8", "T", 3670, -8080, 90],
		[17, "U9", "T", 2445, -7210, 90]
	]
},
"pins": {
	"fields": ["PIN_NO", "PIN_NAME", "PIN_X", "PIN_Y", "LAYER", "PIN_TYPE", "NET_NAME", "NET_TYPE", "PAD_SHAPE", "PAD_SIZEX", "PAD_SIZEY", "HOLE_SIZE", "PAD_ANGLE"],
	"rows": [
		[1, "B1_1", 1275, -7168.2, "T", "DIP", "BUZZER_PIN", "", "C", 59.05, 59.05, 39.37, 0],
		[2, "B1_1", 1275, -7168.2, "B", "DIP", "BUZZER_PIN", "", "C", 59.05, 59.05, 39.37, 0],
		[3, "B1_2", 1275, -7561.9, "T", "DIP", "GND", "GND", "C", 59.05, 59.05, 39.37, 0],
		[4, "B1_2", 1275, -7561.9, "B", "DIP", "GND", "GND", "C", 59.05, 59.05, 39.37, 0],
		[5, "BAT1_1", 3155.79, -8400, "T", "DIP", "GND", "GND", "R", 90.55, 78.74, 39.37, 180],
		[6, "BAT1_1", 3155.79, -8400, "B", "DIP", "GND", "GND", "R", 90.55, 78.74, 39.37, 180],
		[7, "BAT1_2", 3254.2, -8399.98, "T", "DIP", "BAT1", "", "C", 90.55, 90.55, 39.37, 180],
		[8, "BAT1_2", 3254.2, -8399.98, "B", "DIP", "BAT1", "", "C", 90.55, 90.55, 39.37, 180],
		[9, "BAT2_1", 3570.79, -8395, "T", "DIP", "GND", "GND", "R", 90.55, 78.74, 39.37, 180],
		[10, "BAT2_1", 3570.79, -8395, "B", "DIP", "GND", "GND", "R", 90.55, 78.74, 39.37, 180],
		[11, "BAT2_2", 3669.2, -8394.98, "T", "DIP", "BAT2", "", "C", 90.55, 90.55, 39.37, 180],
		[12, "BAT2_2", 3669.2, -8394.98, "B", "DIP", "BAT2", "", "C", 90.55, 90.55, 39.37, 180],
		[13, "BAT3_1", 4000.79, -8395, "T", "DIP", "GND", "GND", "R", 90.55, 78.74, 39.37, 180],
		[14, "BAT3_1", 4000.79, -8395, "B", "DIP", "GND", "GND", "R", 90.55, 78.74, 39.37, 180],
		[15, "BAT3_2", 4099.2, -8394.98, "T", "DIP", "BAT3", "", "C", 90.55, 90.55, 39.37, 180],
		[16, "BAT3_2", 4099.2, -8394.98, "B", "DIP", "BAT3", "", "C", 90.55, 90.55, 39.37, 180],
		[17, "LED1_1", 2205, -8515, "T", "DIP", "YELLOW_LED_PIN", "", "C", 60, 60, 36, 180],
		[18, "LED1_1", 2205, -8515, "B", "DIP", "YELLOW_LED_PIN", "", "C", 60, 60, 36, 180],
		[19, "LED1_2", 2105, -8515, "T", "DIP", "GND", "GND", "C", 60, 60, 36, 180],
		[20, "LED1_2", 2105, -8515, "B", "DIP", "GND", "GND", "C", 60, 60, 36, 180],
		[21, "LED2_1", 2400, -8525, "T", "DIP", "RED_LED_PIN", "", "C", 60, 60, 36, 0],
		[22, "LED2_1", 2400, -8525, "B", "DIP", "RED_LED_PIN", "", "C", 60, 60, 36, 0],
		[23, "LED2_2", 2500, -8525, "T", "DIP", "GND", "GND", "C", 60, 60, 36, 0],
		[24, "LED2_2", 2500, -8525, "B", "DIP", "GND", "GND", "C", 60, 60, 36, 0],
		[25, "LED3_1", 1945, -8505, "T", "DIP", "GREEN_LED_PIN", "", "C", 60, 60, 36, 180],
		[26, "LED3_1", 1945, -8505, "B", "DIP", "GREEN_LED_PIN", "", "C", 60, 60, 36, 180],
		[27, "LED3_2", 1845, -8505, "T", "DIP", "GND", "GND", "C", 60, 60, 36, 180],
		[28, "LED3_2", 1845, -8505, "B", "DIP", "GND", "GND", "C", 60, 60, 36, 180],
		[29, "M1_1", 3300, -6870, "T", "DIP", "M1_1", "", "R", 70, 70, 36, 0],
		[30, "M1_1", 3300, -6870, "B", "DIP", "M1_1", "", "R", 70, 70, 36, 0],
		[31, "M1_2", 3300, -6970, "T", "DIP", "BAT2_POWER_SW", "", "C", 70, 70, 36, 0],
		[32, "M1_2", 3300, -6970, "B", "DIP", "BAT2_POWER_SW", "", "C", 70, 70, 36, 0],
		[33, "M1_3", 3300, -7070, "T", "DIP", "M1_3", "", "C", 70, 70, 36, 0],
		[34, "M1_3", 3300, -7070, "B", "DIP", "M1_3", "", "C", 70, 70, 36, 0],
		[35, "M1_4", 3300, -7170, "T", "DIP", "GSM_RX", "", "C", 70, 70, 36, 0],
		[36, "M1_4", 3300, -7170, "B", "DIP", "GSM_RX", "", "C", 70, 70, 36, 0],
		[37, "M1_5", 3300, -7270, "T", "DIP", "GSM_TX", "", "C", 70, 70, 36, 0],
		[38, "M1_5", 3300, -7270, "B", "DIP", "GSM_TX", "", "C", 70, 70, 36, 0],
		[39, "M1_6", 3300, -7370, "T", "DIP", "GND", "GND", "C", 70, 70, 36, 0],
		[40, "M1_6", 3300, -7370, "B", "DIP", "GND", "GND", "C", 70, 70, 36, 0],
		[41, "M1_7", 4150, -7470, "T", "DIP", "M1_7", "", "C", 70, 70, 36, 0],
		[42, "M1_7", 4150, -7470, "B", "DIP", "M1_7", "", "C", 70, 70, 36, 0],
		[43, "M1_8", 4150, -7370, "T", "DIP", "M1_8", "", "C", 70, 70, 36, 0],
		[44, "M1_8", 4150, -7370, "B", "DIP", "M1_8", "", "C", 70, 70, 36, 0],
		[45, "M1_9", 4150, -7270, "T", "DIP", "M1_9", "", "C", 70, 70, 36, 0],
		[46, "M1_9", 4150, -7270, "B", "DIP", "M1_9", "", "C", 70, 70, 36, 0],
		[47, "M1_10", 4150, -7170, "T", "DIP", "M1_10", "", "C", 70, 70, 36, 0],
		[48, "M1_10", 4150, -7170, "B", "DIP", "M1_10", "", "C", 70, 70, 36, 0],
		[49, "M1_11", 4150, -7070, "T", "DIP", "M1_11", "", "C", 70, 70, 36, 0],
		[50, "M1_11", 4150, -7070, "B", "DIP", "M1_11", "", "C", 70, 70, 36, 0],
		[51, "M1_12", 4150, -6970, "T", "DIP", "M1_12", "", "C", 70, 70, 36, 0],
		[52, "M1_12", 4150, -6970, "B", "DIP", "M1_12", "", "C", 70, 70, 36, 0],
		[53, "PMS1_1", 1975, -7049.55, "T", "DIP", "BAT1_POWER_SW", "", "R", 39.37, 39.37, 25.59, 90],
		[54, "PMS1_1", 1975, -7049.55, "B", "DIP", "BAT1_POWER_SW", "", "R", 39.37, 39.37, 25.59, 90],
		[55, "PMS1_2", 2025, -7049.55, "T", "DIP", "GND", "GND", "C", 39.37, 39.37, 25.59, 90],
		[56, "PMS1_2", 2025, -7049.55, "B", "DIP", "GND", "GND", "C", 39.37, 39.37, 25.59, 90],
		[57, "PMS1_3", 2075, -7049.55, "T", "DIP", "PMS1_3", "", "C", 39.37, 39.37, 25.59, 90],
		[58, "PMS1_3", 2075, -7049.55, "B", "DIP", "PMS1_3", "", "C", 39.37, 39.37, 25.59, 90],
		[59, "PMS1_4", 2125, -7049.55, "T", "DIP", "PMS_RX_PIN", "", "C", 39.37, 39.37, 25.59, 90],
		[60, "PMS1_4", 2125, -7049.55, "B", "DIP", "PMS_RX_PIN", "", "C", 39.37, 39.37, 25.59, 90],
		[61, "PMS1_5", 2175, -7049.55, "T", "DIP", "PMS_TX_PIN", "", "C", 39.37, 39.37, 25.59, 90],
		[62, "PMS1_5", 2175, -7049.55, "B", "DIP", "PMS_TX_PIN", "", "C", 39.37, 39.37, 25.59, 90],
		[63, "PMS1_6", 2225, -7049.55, "T", "DIP", "PMS_RESET_PIN", "", "C", 39.37, 39.37, 25.59, 90],
		[64, "PMS1_6", 2225, -7049.55, "B", "DIP", "PMS_RESET_PIN", "", "C", 39.37, 39.37, 25.59, 90],
		[65, "U1_0", 2900, -4320, "T", "DIP", "U1_0", "", "C", 74, 74, 40, 90],
		[66, "U1_0", 2900, -4320, "B", "DIP", "U1_0", "", "C", 74, 74, 40, 90],
		[67, "U1_1", 2800, -4320, "T", "DIP", "U1_1", "", "C", 74, 74, 40, 90],
		[68, "U1_1", 2800, -4320, "B", "DIP", "U1_1", "", "C", 74, 74, 40, 90],
		[69, "U1_2", 2700, -4320, "T", "DIP", "U1_2", "", "C", 74, 74, 40, 90],
		[70, "U1_2", 2700, -4320, "B", "DIP", "U1_2", "", "C", 74, 74, 40, 90],
		[71, "U1_3", 2600, -4320, "T", "DIP", "U1_3", "", "C", 74, 74, 40, 90],
		[72, "U1_3", 2600, -4320, "B", "DIP", "U1_3", "", "C", 74, 74, 40, 90],
		[73, "U1_4", 2500, -4320, "T", "DIP", "DHT11", "", "C", 74, 74, 40, 90],
		[74, "U1_4", 2500, -4320, "B", "DIP", "DHT11", "", "C", 74, 74, 40, 90],
		[75, "U1_5", 2400, -4320, "T", "DIP", "PMS_RESET_PIN", "", "C", 74, 74, 40, 90],
		[76, "U1_5", 2400, -4320, "B", "DIP", "PMS_RESET_PIN", "", "C", 74, 74, 40, 90],
		[77, "U1_6", 2300, -4320, "T", "DIP", "BUZZER_PIN", "", "C", 74, 74, 40, 90],
		[78, "U1_6", 2300, -4320, "B", "DIP", "BUZZER_PIN", "", "C", 74, 74, 40, 90],
		[79, "U1_7", 2200, -4320, "T", "DIP", "U1_7", "", "C", 74, 74, 40, 90],
		[80, "U1_7", 2200, -4320, "B", "DIP", "U1_7", "", "C", 74, 74, 40, 90],
		[81, "U1_8", 2040, -4320, "T", "DIP", "RED_LED_PIN", "", "C", 74, 74, 40, 90],
		[82, "U1_8", 2040, -4320, "B", "DIP", "RED_LED_PIN", "", "C", 74, 74, 40, 90],
		[83, "U1_9", 1940, -4320, "T", "DIP", "YELLOW_LED_PIN", "", "C", 74, 74, 40, 90],
		[84, "U1_9", 1940, -4320, "B", "DIP", "YELLOW_LED_PIN", "", "C", 74, 74, 40, 90],
		[85, "U1_10", 1840, -4320, "T", "DIP", "GREEN_LED_PIN", "", "C", 74, 74, 40, 90],
		[86, "U1_10", 1840, -4320, "B", "DIP", "GREEN_LED_PIN", "", "C", 74, 74, 40, 90],
		[87, "U1_11", 1740, -4320, "T", "DIP", "U1_11", "", "C", 74, 74, 40, 90],
		[88, "U1_11", 1740, -4320, "B", "DIP", "U1_11", "", "C", 74, 74, 40, 90],
		[89, "U1_12", 1640, -4320, "T", "DIP", "U1_12", "", "C", 74, 74, 40, 90],
		[90, "U1_12", 1640, -4320, "B", "DIP", "U1_12", "", "C", 74, 74, 40, 90],
		[91, "U1_13", 1540, -4320, "T", "DIP", "U1_13", "", "C", 74, 74, 40, 90],
		[92, "U1_13", 1540, -4320, "B", "DIP", "U1_13", "", "C", 74, 74, 40, 90],
		[93, "U1_14", 3100, -4320, "T", "DIP", "PMS_RX_PIN", "", "C", 74, 74, 40, 90],
		[94, "U1_14", 3100, -4320, "B", "DIP", "PMS_RX_PIN", "", "C", 74, 74, 40, 90],
		[95, "U1_15", 3200, -4320, "T", "DIP", "PMS_TX_PIN", "", "C", 74, 74, 40, 90],
		[96, "U1_15", 3200, -4320, "B", "DIP", "PMS_TX_PIN", "", "C", 74, 74, 40, 90],
		[97, "U1_16", 3300, -4320, "T", "DIP", "U1_16", "", "C", 74, 74, 40, 90],
		[98, "U1_16", 3300, -4320, "B", "DIP", "U1_16", "", "C", 74, 74, 40, 90],
		[99, "U1_17", 3400, -4320, "T", "DIP", "U1_17", "", "C", 74, 74, 40, 90],
		[100, "U1_17", 3400, -4320, "B", "DIP", "U1_17", "", "C", 74, 74, 40, 90],
		[101, "U1_18", 3500, -4320, "T", "DIP", "GSM_RX", "", "C", 74, 74, 40, 90],
		[102, "U1_18", 3500, -4320, "B", "DIP", "GSM_RX", "", "C", 74, 74, 40, 90],
		[103, "U1_19", 3600, -4320, "T", "DIP", "GSM_TX", "", "C", 74, 74, 40, 90],
		[104, "U1_19", 3600, -4320, "B", "DIP", "GSM_TX", "", "C", 74, 74, 40, 90],
		[105, "U1_20", 3700, -4320, "T", "DIP", "U1_20", "", "C", 74, 74, 40, 90],
		[106, "U1_20", 3700, -4320, "B", "DIP", "U1_20", "", "C", 74, 74, 40, 90],
		[107, "U1_21", 3800, -4320, "T", "DIP", "U1_21", "", "C", 74, 74, 40, 90],
		[108, "U1_21", 3800, -4320, "B", "DIP", "U1_21", "", "C", 74, 74, 40, 90],
		[109, "U1_22", 4100, -4420, "T", "DIP", "U1_22", "", "P", 74, 74, 40, 90],
		[110, "U1_22", 4100, -4420, "B", "DIP", "U1_22", "", "P", 74, 74, 40, 90],
		[111, "U1_23", 4200, -4420, "T", "DIP", "U1_23", "", "P", 74, 74, 40, 90],
		[112, "U1_23", 4200, -4420, "B", "DIP", "U1_23", "", "P", 74, 74, 40, 90],
		[113, "U1_24", 4100, -4520, "T", "DIP", "U1_24", "", "P", 74, 74, 40, 90],
		[114, "U1_24", 4100, -4520, "B", "DIP", "U1_24", "", "P", 74, 74, 40, 90],
		[115, "U1_25", 4200, -4520, "T", "DIP", "U1_25", "", "P", 74, 74, 40, 90],
		[116, "U1_25", 4200, -4520, "B", "DIP", "U1_25", "", "P", 74, 74, 40, 90],
		[117, "U1_26", 4100, -4620, "T", "DIP", "U1_26", "", "P", 74, 74, 40, 90],
		[118, "U1_26", 4100, -4620, "B", "DIP", "U1_26", "", "P", 74, 74, 40, 90],
		[119, "U1_27", 4200, -4620, "T", "DIP", "U1_27", "", "P", 74, 74, 40, 90],
		[120, "U1_27", 4200, -4620, "B", "DIP", "U1_27", "", "P", 74, 74, 40, 90],
		[121, "U1_28", 4100, -4720, "T", "DIP", "U1_28", "", "P", 74, 74, 40, 90],
		[122, "U1_28", 4100, -4720, "B", "DIP", "U1_28", "", "P", 74, 74, 40, 90],
		[123, "U1_29", 4200, -4720, "T", "DIP", "U1_29", "", "P", 74, 74, 40, 90],
		[124, "U1_29", 4200, -4720, "B", "DIP", "U1_29", "", "P", 74, 74, 40, 90],
		[125, "U1_30", 4100, -4820, "T", "DIP", "U1_30", "", "P", 74, 74, 40, 90],
		[126, "U1_30", 4100, -4820, "B", "DIP", "U1_30", "", "P", 74, 74, 40, 90],
		[127, "U1_31", 4200, -4820, "T", "DIP", "U1_31", "", "P", 74, 74, 40, 90],
		[128, "U1_31", 4200, -4820, "B", "DIP", "U1_31", "", "P", 74, 74, 40, 90],
		[129, "U1_32", 4100, -4920, "T", "DIP", "U1_32", "", "P", 74, 74, 40, 90],
		[130, "U1_32", 4100, -4920, "B", "DIP", "U1_32", "", "P", 74, 74, 40, 90],
		[131, "U1_33", 4200, -4920, "T", "DIP", "U1_33", "", "P", 74, 74, 40, 90],
		[132, "U1_33", 4200, -4920, "B", "DIP", "U1_33", "", "P", 74, 74, 40, 90],
		[133, "U1_34", 4100, -5020, "T", "DIP", "U1_34", "", "P", 74, 74, 40, 90],
		[134, "U1_34", 4100, -5020, "B", "DIP", "U1_34", "", "P", 74, 74, 40, 90],
		[135, "U1_35", 4200, -5020, "T", "DIP", "U1_35", "", "P", 74, 74, 40, 90],
		[136, "U1_35", 4200, -5020, "B", "DIP", "U1_35", "", "P", 74, 74, 40, 90],
		[137, "U1_36", 4100, -5120, "T", "DIP", "U1_36", "", "P", 74, 74, 40, 90],
		[138, "U1_36", 4100, -5120, "B", "DIP", "U1_36", "", "P", 74, 74, 40, 90],
		[139, "U1_37", 4200, -5120, "T", "DIP", "U1_37", "", "P", 74, 74, 40, 90],
		[140, "U1_37", 4200, -5120, "B", "DIP", "U1_37", "", "P", 74, 74, 40, 90],
		[141, "U1_38", 4100, -5220, "T", "DIP", "U1_38", "", "P", 74, 74, 40, 90],
		[142, "U1_38", 4100, -5220, "B", "DIP", "U1_38", "", "P", 74, 74, 40, 90],
		[143, "U1_39", 4200, -5220, "T", "DIP", "U1_39", "", "P", 74, 74, 40, 90],
		[144, "U1_39", 4200, -5220, "B", "DIP", "U1_39", "", "P", 74, 74, 40, 90],
		[145, "U1_40", 4100, -5320, "T", "DIP", "U1_40", "", "P", 74, 74, 40, 90],
		[146, "U1_40", 4100, -5320, "B", "DIP", "U1_40", "", "P", 74, 74, 40, 90],
		[147, "U1_41", 4200, -5320, "T", "DIP", "U1_41", "", "P", 74, 74, 40, 90],
		[148, "U1_41", 4200, -5320, "B", "DIP", "U1_41", "", "P", 74, 74, 40, 90],
		[149, "U1_42", 4100, -5420, "T", "DIP", "U1_42", "", "P", 74, 74, 40, 90],
		[150, "U1_42", 4100, -5420, "B", "DIP", "U1_42", "", "P", 74, 74, 40, 90],
		[151, "U1_43", 4200, -5420, "T", "DIP", "U1_43", "", "P", 74, 74, 40, 90],
		[152, "U1_43", 4200, -5420, "B", "DIP", "U1_43", "", "P", 74, 74, 40, 90],
		[153, "U1_44", 4100, -5520, "T", "DIP", "U1_44", "", "P", 74, 74, 40, 90],
		[154, "U1_44", 4100, -5520, "B", "DIP", "U1_44", "", "P", 74, 74, 40, 90],
		[155, "U1_45", 4200, -5520, "T", "DIP", "U1_45", "", "P", 74, 74, 40, 90],
		[156, "U1_45", 4200, -5520, "B", "DIP", "U1_45", "", "P", 74, 74, 40, 90],
		[157, "U1_46", 4100, -5620, "T", "DIP", "U1_46", "", "P", 74, 74, 40, 90],
		[158, "U1_46", 4100, -5620, "B", "DIP", "U1_46", "", "P", 74, 74, 40, 90],
		[159, "U1_47", 4200, -5620, "T", "DIP", "U1_47", "", "P", 74, 74, 40, 90],
		[160, "U1_47", 4200, -5620, "B", "DIP", "U1_47", "", "P", 74, 74, 40, 90],
		[161, "U1_48", 4100, -5720, "T", "DIP", "U1_48", "", "P", 74, 74, 40, 90],
		[162, "U1_48", 4100, -5720, "B", "DIP", "U1_48", "", "P", 74, 74, 40, 90],
		[163, "U1_49", 4200, -5720, "T", "DIP", "U1_49", "", "P", 74, 74, 40, 90],
		[164, "U1_49", 4200, -5720, "B", "DIP", "U1_49", "", "P", 74, 74, 40, 90],
		[165, "U1_50", 4100, -5820, "T", "DIP", "U1_50", "", "P", 74, 74, 40, 90],
		[166, "U1_50", 4100, -5820, "B", "DIP", "U1_50", "", "P", 74, 74, 40, 90],
		[167, "U1_51", 4200, -5820, "T", "DIP", "U1_51", "", "P", 74, 74, 40, 90],
		[168, "U1_51", 4200, -5820, "B", "DIP", "U1_51", "", "P", 74, 74, 40, 90],
		[169, "U1_52", 4100, -5920, "T", "DIP", "U1_52", "", "P", 74, 74, 40, 90],
		[170, "U1_52", 4100, -5920, "B", "DIP", "U1_52", "", "P", 74, 74, 40, 90],
		[171, "U1_53", 4200, -5920, "T", "DIP", "U1_53", "", "P", 74, 74, 40, 90],
		[172, "U1_53", 4200, -5920, "B", "DIP", "U1_53", "", "P", 74, 74, 40, 90],
		[173, "U1_3.3V", 1800, -6220, "T", "DIP", "U1_3.3V", "", "C", 74, 74, 40, 90],
		[174, "U1_3.3V", 1800, -6220, "B", "DIP", "U1_3.3V", "", "C", 74, 74, 40, 90],
		[175, "U1_5V@0", 1900, -6220, "T", "DIP", "U1_5V@0", "", "C", 74, 74, 40, 90],
		[176, "U1_5V@0", 1900, -6220, "B", "DIP", "U1_5V@0", "", "C", 74, 74, 40, 90],
		[177, "U1_5V@1", 4100, -4320, "T", "DIP", "U1_5V@1", "", "C", 74, 74, 40, 90],
		[178, "U1_5V@1", 4100, -4320, "B", "DIP", "U1_5V@1", "", "C", 74, 74, 40, 90],
		[179, "U1_5V@2", 4200, -4320, "T", "DIP", "U1_5V@2", "", "C", 74, 74, 40, 90],
		[180, "U1_5V@2", 4200, -4320, "B", "DIP", "U1_5V@2", "", "C", 74, 74, 40, 90],
		[181, "U1_A0", 2400, -6220, "T", "DIP", "MQ2_AO", "", "C", 74, 74, 40, 90],
		[182, "U1_A0", 2400, -6220, "B", "DIP", "MQ2_AO", "", "C", 74, 74, 40, 90],
		[183, "U1_A1", 2500, -6220, "T", "DIP", "MQ4_AO", "", "C", 74, 74, 40, 90],
		[184, "U1_A1", 2500, -6220, "B", "DIP", "MQ4_AO", "", "C", 74, 74, 40, 90],
		[185, "U1_A10", 3500, -6220, "T", "DIP", "U1_A10", "", "C", 74, 74, 40, 90],
		[186, "U1_A10", 3500, -6220, "B", "DIP", "U1_A10", "", "C", 74, 74, 40, 90],
		[187, "U1_A11", 3600, -6220, "T", "DIP", "U1_A11", "", "C", 74, 74, 40, 90],
		[188, "U1_A11", 3600, -6220, "B", "DIP", "U1_A11", "", "C", 74, 74, 40, 90],
		[189, "U1_A12", 3700, -6220, "T", "DIP", "U1_A12", "", "C", 74, 74, 40, 90],
		[190, "U1_A12", 3700, -6220, "B", "DIP", "U1_A12", "", "C", 74, 74, 40, 90],
		[191, "U1_A13", 3800, -6220, "T", "DIP", "U1_A13", "", "C", 74, 74, 40, 90],
		[192, "U1_A13", 3800, -6220, "B", "DIP", "U1_A13", "", "C", 74, 74, 40, 90],
		[193, "U1_A14", 3900, -6220, "T", "DIP", "U1_A14", "", "C", 74, 74, 40, 90],
		[194, "U1_A14", 3900, -6220, "B", "DIP", "U1_A14", "", "C", 74, 74, 40, 90],
		[195, "U1_A15", 4000, -6220, "T", "DIP", "U1_A15", "", "C", 74, 74, 40, 90],
		[196, "U1_A15", 4000, -6220, "B", "DIP", "U1_A15", "", "C", 74, 74, 40, 90],
		[197, "U1_A2", 2600, -6220, "T", "DIP", "MQ135_AO", "", "C", 74, 74, 40, 90],
		[198, "U1_A2", 2600, -6220, "B", "DIP", "MQ135_AO", "", "C", 74, 74, 40, 90],
		[199, "U1_A3", 2700, -6220, "T", "DIP", "U1_A3", "", "C", 74, 74, 40, 90],
		[200, "U1_A3", 2700, -6220, "B", "DIP", "U1_A3", "", "C", 74, 74, 40, 90],
		[201, "U1_A4", 2800, -6220, "T", "DIP", "U1_A4", "", "C", 74, 74, 40, 90],
		[202, "U1_A4", 2800, -6220, "B", "DIP", "U1_A4", "", "C", 74, 74, 40, 90],
		[203, "U1_A5", 2900, -6220, "T", "DIP", "U1_A5", "", "C", 74, 74, 40, 90],
		[204, "U1_A5", 2900, -6220, "B", "DIP", "U1_A5", "", "C", 74, 74, 40, 90],
		[205, "U1_A6", 3000, -6220, "T", "DIP", "U1_A6", "", "C", 74, 74, 40, 90],
		[206, "U1_A6", 3000, -6220, "B", "DIP", "U1_A6", "", "C", 74, 74, 40, 90],
		[207, "U1_A7", 3100, -6220, "T", "DIP", "U1_A7", "", "C", 74, 74, 40, 90],
		[208, "U1_A7", 3100, -6220, "B", "DIP", "U1_A7", "", "C", 74, 74, 40, 90],
		[209, "U1_A8", 3300, -6220, "T", "DIP", "U1_A8", "", "C", 74, 74, 40, 90],
		[210, "U1_A8", 3300, -6220, "B", "DIP", "U1_A8", "", "C", 74, 74, 40, 90],
		[211, "U1_A9", 3400, -6220, "T", "DIP", "U1_A9", "", "C", 74, 74, 40, 90],
		[212, "U1_A9", 3400, -6220, "B", "DIP", "U1_A9", "", "C", 74, 74, 40, 90],
		[213, "U1_AREF", 1340, -4320, "T", "DIP", "U1_AREF", "", "C", 74, 74, 40, 90],
		[214, "U1_AREF", 1340, -4320, "B", "DIP", "U1_AREF", "", "C", 74, 74, 40, 90],
		[215, "U1_GND@0", 2000, -6220, "T", "DIP", "GND", "GND", "C", 74, 74, 40, 90],
		[216, "U1_GND@0", 2000, -6220, "B", "DIP", "GND", "GND", "C", 74, 74, 40, 90],
		[217, "U1_GND@1", 2100, -6220, "T", "DIP", "U1_GND@1", "", "C", 74, 74, 40, 90],
		[218, "U1_GND@1", 2100, -6220, "B", "DIP", "U1_GND@1", "", "C", 74, 74, 40, 90],
		[219, "U1_GND@2", 4100, -6020, "T", "DIP", "GND", "GND", "C", 74, 74, 40, 90],
		[220, "U1_GND@2", 4100, -6020, "B", "DIP", "GND", "GND", "C", 74, 74, 40, 90],
		[221, "U1_GND@3", 4200, -6020, "T", "DIP", "U1_GND@3", "", "C", 74, 74, 40, 90],
		[222, "U1_GND@3", 4200, -6020, "B", "DIP", "U1_GND@3", "", "C", 74, 74, 40, 90],
		[223, "U1_GND@4", 1440, -4320, "T", "DIP", "U1_GND@4", "", "C", 74, 74, 40, 90],
		[224, "U1_GND@4", 1440, -4320, "B", "DIP", "U1_GND@4", "", "C", 74, 74, 40, 90],
		[225, "U1_RESET", 1700, -6220, "T", "DIP", "U1_RESET", "", "C", 74, 74, 40, 90],
		[226, "U1_RESET", 1700, -6220, "B", "DIP", "U1_RESET", "", "C", 74, 74, 40, 90],
		[227, "U1_VIN", 2200, -6220, "T", "DIP", "POWER_SW", "", "C", 74, 74, 40, 90],
		[228, "U1_VIN", 2200, -6220, "B", "DIP", "POWER_SW", "", "C", 74, 74, 40, 90],
		[229, "U2_A0", 240, -8245, "T", "DIP", "MQ4_AO", "", "C", 60, 60, 36, 270],
		[230, "U2_A0", 240, -8245, "B", "DIP", "MQ4_AO", "", "C", 60, 60, 36, 270],
		[231, "U2_D0", 240, -8145, "T", "DIP", "U2_D0", "", "C", 60, 60, 36, 270],
		[232, "U2_D0", 240, -8145, "B", "DIP", "U2_D0", "", "C", 60, 60, 36, 270],
		[233, "U2_GND", 240, -8045, "T", "DIP", "GND", "GND", "C", 60, 60, 36, 270],
		[234, "U2_GND", 240, -8045, "B", "DIP", "GND", "GND", "C", 60, 60, 36, 270],
		[235, "U2_VCC", 240, -7945, "T", "DIP", "BAT1_POWER_SW", "", "C", 60, 60, 36, 270],
		[236, "U2_VCC", 240, -7945, "B", "DIP", "BAT1_POWER_SW", "", "C", 60, 60, 36, 270],
		[237, "U3_A0", 1300, -8435, "T", "DIP", "MQ135_AO", "", "C", 60, 60, 36, 0],
		[238, "U3_A0", 1300, -8435, "B", "DIP", "MQ135_AO", "", "C", 60, 60, 36, 0],
		[239, "U3_D0", 1200, -8435, "T", "DIP", "U3_D0", "", "C", 60, 60, 36, 0],
		[240, "U3_D0", 1200, -8435, "B", "DIP", "U3_D0", "", "C", 60, 60, 36, 0],
		[241, "U3_GND", 1100, -8435, "T", "DIP", "GND", "GND", "C", 60, 60, 36, 0],
		[242, "U3_GND", 1100, -8435, "B", "DIP", "GND", "GND", "C", 60, 60, 36, 0],
		[243, "U3_VCC", 1000, -8435, "T", "DIP", "BAT1_POWER_SW", "", "C", 60, 60, 36, 0],
		[244, "U3_VCC", 1000, -8435, "B", "DIP", "BAT1_POWER_SW", "", "C", 60, 60, 36, 0],
		[245, "U4_A0", 245, -7120, "T", "DIP", "MQ2_AO", "", "C", 60, 60, 36, 270],
		[246, "U4_A0", 245, -7120, "B", "DIP", "MQ2_AO", "", "C", 60, 60, 36, 270],
		[247, "U4_D0", 245, -7020, "T", "DIP", "U4_D0", "", "C", 60, 60, 36, 270],
		[248, "U4_D0", 245, -7020, "B", "DIP", "U4_D0", "", "C", 60, 60, 36, 270],
		[249, "U4_GND", 245, -6920, "T", "DIP", "GND", "GND", "C", 60, 60, 36, 270],
		[250, "U4_GND", 245, -6920, "B", "DIP", "GND", "GND", "C", 60, 60, 36, 270],
		[251, "U4_VCC", 245, -6820, "T", "DIP", "BAT1_POWER_SW", "", "C", 60, 60, 36, 270],
		[252, "U4_VCC", 245, -6820, "B", "DIP", "BAT1_POWER_SW", "", "C", 60, 60, 36, 270],
		[253, "U6_1", 4385, -8050, "T", "DIP", "DHT11", "", "C", 60, 60, 36, 90],
		[254, "U6_1", 4385, -8050, "B", "DIP", "DHT11", "", "C", 60, 60, 36, 90],
		[255, "U6_2", 4385, -7950, "T", "DIP", "BAT1_POWER_SW", "", "C", 60, 60, 36, 90],
		[256, "U6_2", 4385, -7950, "B", "DIP", "BAT1_POWER_SW", "", "C", 60, 60, 36, 90],
		[257, "U6_3", 4385, -7850, "T", "DIP", "GND", "GND", "C", 60, 60, 36, 90],
		[258, "U6_3", 4385, -7850, "B", "DIP", "GND", "GND", "C", 60, 60, 36, 90],
		[259, "U7_1", 2730, -7316.22, "T", "DIP", "BAT3", "", "C", 62.99, 62.99, 39.37, 90],
		[260, "U7_1", 2730, -7316.22, "B", "DIP", "BAT3", "", "C", 62.99, 62.99, 39.37, 90],
		[261, "U7_2", 2730, -7093.78, "T", "DIP", "POWER_SW", "", "C", 62.99, 62.99, 39.37, 90],
		[262, "U7_2", 2730, -7093.78, "B", "DIP", "POWER_SW", "", "C", 62.99, 62.99, 39.37, 90],
		[263, "U8_1", 3670, -8191.22, "T", "DIP", "BAT2", "", "C", 62.99, 62.99, 39.37, 90],
		[264, "U8_1", 3670, -8191.22, "B", "DIP", "BAT2", "", "C", 62.99, 62.99, 39.37, 90],
		[265, "U8_2", 3670, -7968.78, "T", "DIP", "BAT2_POWER_SW", "", "C", 62.99, 62.99, 39.37, 90],
		[266, "U8_2", 3670, -7968.78, "B", "DIP", "BAT2_POWER_SW", "", "C", 62.99, 62.99, 39.37, 90],
		[267, "U9_1", 2445, -7321.22, "T", "DIP", "BAT1", "", "C", 62.99, 62.99, 39.37, 90],
		[268, "U9_1", 2445, -7321.22, "B", "DIP", "BAT1", "", "C", 62.99, 62.99, 39.37, 90],
		[269, "U9_2", 2445, -7098.78, "T", "DIP", "BAT1_POWER_SW", "", "C", 62.99, 62.99, 39.37, 90],
		[270, "U9_2", 2445, -7098.78, "B", "DIP", "BAT1_POWER_SW", "", "C", 62.99, 62.99, 39.37, 90]
	]
}
}